{"cameraMode":{"drawMode":0,"name":"Shaded","section":"Shading Mode"},"sceneLighting":false,"audioPlay":false,"sceneViewState":{"showFog":true,"showMaterialUpdate":false,"showSkybox":false,"showFlares":true,"showImageEffects":true,"showParticleSystems":true},"in2DMode":false,"pivot":{"x":-76.06640625,"y":28.140295028686525,"z":-412.5888671875},"rotation":{"x":0.23781085014343263,"y":0.7597663402557373,"z":-0.3917047083377838,"w":0.4613419473171234},"size":9.255847930908204,"orthographic":false}