{"cameraMode":{"drawMode":0,"name":"Shaded","section":"Shading Mode"},"sceneLighting":false,"audioPlay":false,"sceneViewState":{"showFog":true,"showMaterialUpdate":false,"showSkybox":false,"showFlares":true,"showImageEffects":true,"showParticleSystems":true},"in2DMode":false,"pivot":{"x":18.242284774780275,"y":-23.236059188842775,"z":-239.92979431152345},"rotation":{"x":-0.0604638047516346,"y":-0.006682189647108316,"z":0.00040146918036043644,"w":-0.9981703162193298},"size":0.8660253882408142,"orthographic":false}