{"cameraMode":{"drawMode":0,"name":"Shaded","section":"Shading Mode"},"sceneLighting":false,"audioPlay":false,"sceneViewState":{"showFog":true,"showMaterialUpdate":false,"showSkybox":false,"showFlares":true,"showImageEffects":true,"showParticleSystems":true},"in2DMode":false,"pivot":{"x":432.0870056152344,"y":224.42660522460938,"z":-145.13937377929688},"rotation":{"x":-0.0587555468082428,"y":-0.15430599451065064,"z":0.009174877777695656,"w":-0.9862626194953919},"size":0.8660253882408142,"orthographic":false}